1.800000 ; 2.000000 ; SW ; {Ml1B:-78;56WR:-84;tBfJ:-78;z6SH:-76;IKAo:-56} ;
1.800000 ; 2.000000 ; S ; {Ml1B:-88;tBfJ:-84;z6SH:-82;IKAo:-65;T0Fy:-84} ;
1.800000 ; 2.000000 ; SE ; {Ml1B:-81;tBfJ:-83;z6SH:-81;IKAo:-66} ;;
1.800000 ; 2.000000 ; E ; {Ml1B:-77;tBfJ:-86;z6SH:-75;IKAo:-65;T0Fy:-82} ;
1.800000 ; 2.000000 ; NE ; {Ml1B:-77;tBfJ:-85;z6SH:-79;IKAo:-59;T0Fy:-84} ;
1.800000 ; 2.000000 ; N ; {Ml1B:-77;tBfJ:-81;z6SH:-82;IKAo:-58;T0Fy:-89} ;
1.800000 ; 2.000000 ; NW ; {Ml1B:-74;tBfJ:-79;z6SH:-79;IKAo:-62;T0Fy:-84} ;
1.800000 ; 2.000000 ; SW ; {Ml1B:-74;56WR:-90;tBfJ:-84;z6SH:-74;IKAo:-63;T0Fy:-87} 
1.800000 ; 2.000000 ; W ; {Ml1B:-77;tBfJ:-79;z6SH:-76;IKAo:-61;T0Fy:-80} ;
2.260000 ; 4.300000 ; SW ; {Ml1B:-77;56WR:-89;tBfJ:-81;z6SH:-74;IKAo:-69;T0Fy:-84} 
2.260000 ; 4.300000 ; W ; {Ml1B:-78;56WR:-89;tBfJ:-84;z6SH:-79;IKAo:-65;T0Fy:-81} 
2.260000 ; 4.300000 ; NE ; {Ml1B:-72;56WR:-90;tBfJ:-80;z6SH:-81;IKAo:-64;T0Fy:-85} 
2.260000 ; 4.300000 ; N ; {Ml1B:-68;56WR:-87;tBfJ:-84;z6SH:-74;IKAo:-64;T0Fy:-81} 
2.260000 ; 4.300000 ; NW ; {Ml1B:-70;56WR:-87;tBfJ:-84;z6SH:-70;IKAo:-69;T0Fy:-82} 
2.260000 ; 4.300000 ; E ; {Ml1B:-77;z6SH:-75;IKAo:-61;T0Fy:-81} ;;
2.260000 ; 4.300000 ; SE ; {Ml1B:-74;56WR:-90;tBfJ:-84;z6SH:-78;IKAo:-71;T0Fy:-81} 
2.260000 ; 4.300000 ; S ; {Ml1B:-71;56WR:-90;tBfJ:-84;z6SH:-76;IKAo:-67;T0Fy:-87} 
2.310000 ; 7.380000 ; SE ; {Ml1B:-79;56WR:-88;tBfJ:-77;z6SH:-76;IKAo:-87;T0Fy:-87} 
2.310000 ; 7.380000 ; E ; {Ml1B:-76;tBfJ:-77;z6SH:-75;IKAo:-68;T0Fy:-87} ;
2.310000 ; 7.380000 ; NE ; {Ml1B:-71;56WR:-88;tBfJ:-78;z6SH:-85;IKAo:-70;T0Fy:-84} 
2.310000 ; 7.380000 ; N ; {Ml1B:-72;56WR:-82;tBfJ:-83;z6SH:-74;IKAo:-71;T0Fy:-76} 
2.310000 ; 7.380000 ; NW ; {Ml1B:-75;56WR:-84;tBfJ:-80;z6SH:-68;IKAo:-71;T0Fy:-84} 
2.310000 ; 7.380000 ; W ; {Ml1B:-72;56WR:-91;tBfJ:-78;IKAo:-75;T0Fy:-85} ;
2.310000 ; 7.380000 ; SW ; {Ml1B:-69;56WR:-87;tBfJ:-71;z6SH:-73;IKAo:-74;T0Fy:-84} 
2.310000 ; 7.380000 ; S ; {Ml1B:-72;56WR:-85;tBfJ:-76;z6SH:-79;IKAo:-68;T0Fy:-87} 
2.250000 ; 11.570000 ; SE ; {Ml1B:-82;56WR:-85;tBfJ:-79;z6SH:-80;T0Fy:-83;IKAo:-85} 
2.250000 ; 11.570000 ; E ; {Ml1B:-74;56WR:-84;tBfJ:-80;z6SH:-70;IKAo:-77;T0Fy:-86} 
2.250000 ; 11.570000 ; NE ; {Ml1B:-79;56WR:-90;tBfJ:-68;z6SH:-71;IKAo:-76;T0Fy:-84} 
2.250000 ; 11.570000 ; N ; {Ml1B:-73;56WR:-80;tBfJ:-71;z6SH:-71;IKAo:-74;T0Fy:-89} 
2.250000 ; 11.570000 ; NW ; {Ml1B:-77;56WR:-86;tBfJ:-82;z6SH:-76;IKAo:-79;T0Fy:-87} 
2.250000 ; 11.570000 ; W ; {Ml1B:-72;56WR:-85;tBfJ:-68;z6SH:-77;IKAo:-81;T0Fy:-84} 
2.250000 ; 11.570000 ; SW ; {Ml1B:-79;tBfJ:-66;z6SH:-78;IKAo:-80;T0Fy:-87} ;
2.250000 ; 11.570000 ; S ; {Ml1B:-71;56WR:-89;tBfJ:-73;z6SH:-74;IKAo:-70;T0Fy:-88} 
2.290000 ; 14.580000 ; SE ; {Ml1B:-78;56WR:-81;tBfJ:-62;z6SH:-75;IKAo:-86;T0Fy:-90} 
2.290000 ; 14.580000 ; S ; {Ml1B:-84;56WR:-85;tBfJ:-65;z6SH:-84;IKAo:-77;T0Fy:-87} 
2.290000 ; 14.580000 ; E ; {Ml1B:-82;56WR:-90;tBfJ:-56;z6SH:-81;IKAo:-76;T0Fy:-86} 
2.290000 ; 14.580000 ; NE ; {Ml1B:-73;56WR:-88;tBfJ:-54;z6SH:-78;IKAo:-81;T0Fy:-89} 
2.290000 ; 14.580000 ; N ; {Ml1B:-71;56WR:-86;tBfJ:-63;z6SH:-76;IKAo:-79;T0Fy:-86} 
2.290000 ; 14.580000 ; NW ; {Ml1B:-71;56WR:-87;tBfJ:-59;z6SH:-85;IKAo:-83;T0Fy:-85} 
2.290000 ; 14.580000 ; W ; {Ml1B:-81;56WR:-88;tBfJ:-63;z6SH:-84;IKAo:-76;T0Fy:-88} 
2.290000 ; 14.580000 ; SW ; {Ml1B:-81;56WR:-82;tBfJ:-61;z6SH:-82;IKAo:-80;T0Fy:-84} 
4.360000 ; 16.610000 ; SW ; {Ml1B:-72;56WR:-89;tBfJ:-73;z6SH:-86;IKAo:-79} ;
4.360000 ; 16.610000 ; W ; {Ml1B:-69;56WR:-85;tBfJ:-63;z6SH:-79;T0Fy:-86;IKAo:-87} 
4.360000 ; 16.610000 ; NW ; {Ml1B:-71;56WR:-77;tBfJ:-65;z6SH:-80;IKAo:-84;T0Fy:-85} 
4.360000 ; 16.610000 ; N ; {Ml1B:-72;56WR:-74;tBfJ:-69;z6SH:-79;IKAo:-81;T0Fy:-84} 
4.360000 ; 16.610000 ; NE ; {Ml1B:-69;56WR:-92;tBfJ:-63;z6SH:-79;IKAo:-79;T0Fy:-81} 
4.360000 ; 16.610000 ; E ; {Ml1B:-79;56WR:-89;tBfJ:-67;z6SH:-82;IKAo:-75;T0Fy:-88} 
4.360000 ; 16.610000 ; SE ; {Ml1B:-71;56WR:-82;tBfJ:-65;z6SH:-79;IKAo:-83;T0Fy:-88} 
4.360000 ; 16.610000 ; S ; {Ml1B:-68;56WR:-83;tBfJ:-68;z6SH:-81;T0Fy:-84} ;
7.550000 ; 16.590000 ; SW ; {Ml1B:-71;56WR:-90;tBfJ:-77;z6SH:-83;IKAo:-80;T0Fy:-88} 
7.550000 ; 16.590000 ; W ; {Ml1B:-65;56WR:-86;tBfJ:-71;z6SH:-75} ;;
7.550000 ; 16.590000 ; NW ; {Ml1B:-66;56WR:-85;tBfJ:-68;z6SH:-76;T0Fy:-83;IKAo:-86} 
7.550000 ; 16.590000 ; N ; {Ml1B:-67;56WR:-79;tBfJ:-68;z6SH:-85;T0Fy:-87;IKAo:-88} 
7.550000 ; 16.590000 ; NE ; {Ml1B:-64;56WR:-89;tBfJ:-74;z6SH:-78;T0Fy:-88} ;
7.550000 ; 16.590000 ; E ; {Ml1B:-68;56WR:-85;tBfJ:-75;z6SH:-81;IKAo:-83;T0Fy:-85} 
7.550000 ; 16.590000 ; SE ; {Ml1B:-74;56WR:-81;tBfJ:-66;z6SH:-83;IKAo:-88} ;
7.550000 ; 16.590000 ; S ; {Ml1B:-74;56WR:-86;tBfJ:-68;z6SH:-82;IKAo:-86;T0Fy:-86} 
10.770000 ; 15.630000 ; SW ; {Ml1B:-67;56WR:-87;tBfJ:-89;z6SH:-75;IKAo:-77;T0Fy:-85} 
10.770000 ; 15.630000 ; SE ; {Ml1B:-67;56WR:-80;tBfJ:-78;z6SH:-84;IKAo:-85;T0Fy:-89} 
10.770000 ; 15.630000 ; NW ; {Ml1B:-65;56WR:-80;tBfJ:-84;T0Fy:-84;IKAo:-86} ;
10.770000 ; 15.630000 ; W ; {Ml1B:-62;56WR:-78;tBfJ:-73;z6SH:-83;T0Fy:-83;IKAo:-89} 
10.770000 ; 15.630000 ; S ; {Ml1B:-68;56WR:-82;tBfJ:-74;z6SH:-79;T0Fy:-87;IKAo:-88} 
10.770000 ; 15.630000 ; E ; {Ml1B:-66;56WR:-78;tBfJ:-73;z6SH:-79;T0Fy:-86;IKAo:-90} 
10.770000 ; 15.630000 ; NE ; {Ml1B:-69;56WR:-82;tBfJ:-76;z6SH:-81;IKAo:-87;T0Fy:-88} 
10.770000 ; 15.630000 ; N ; {Ml1B:-64;56WR:-80;tBfJ:-80;z6SH:-77;IKAo:-88} ;
13.930000 ; 15.620000 ; NW ; {Ml1B:-68;56WR:-70;tBfJ:-87;z6SH:-80;T0Fy:-83;IKAo:-84} 
13.930000 ; 15.620000 ; N ; {Ml1B:-68;56WR:-72;tBfJ:-84;z6SH:-73} ;;
13.930000 ; 15.620000 ; NE ; {Ml1B:-60;56WR:-80;tBfJ:-79;z6SH:-90} ;;
13.930000 ; 15.620000 ; E ; {Ml1B:-57;56WR:-76;tBfJ:-86;z6SH:-81;IKAo:-87;T0Fy:-87} 
13.930000 ; 15.620000 ; SE ; {Ml1B:-61;56WR:-76;tBfJ:-76;z6SH:-83;T0Fy:-87;IKAo:-88} 
13.930000 ; 15.620000 ; S ; {Ml1B:-74;56WR:-78;tBfJ:-76;z6SH:-81;T0Fy:-80;IKAo:-90} 
13.930000 ; 15.620000 ; SW ; {Ml1B:-63;56WR:-79;tBfJ:-90;z6SH:-76;IKAo:-83;T0Fy:-89} 
13.930000 ; 15.620000 ; W ; {Ml1B:-67;56WR:-76;tBfJ:-82;z6SH:-79;T0Fy:-78;IKAo:-84} 
17.150000 ; 15.620000 ; SW ; {Ml1B:-65;56WR:-76;tBfJ:-88;z6SH:-70;IKAo:-80;T0Fy:-85} 
17.150000 ; 15.620000 ; S ; {Ml1B:-66;56WR:-72;tBfJ:-75;z6SH:-72;T0Fy:-87;IKAo:-90} 
17.150000 ; 15.620000 ; W ; {Ml1B:-62;56WR:-75;tBfJ:-82;z6SH:-67;T0Fy:-84;IKAo:-88} 
17.150000 ; 15.620000 ; NW ; {Ml1B:-60;56WR:-68;tBfJ:-82;z6SH:-70;T0Fy:-82;IKAo:-84} 
17.150000 ; 15.620000 ; N ; {Ml1B:-69;56WR:-68;tBfJ:-82;z6SH:-69;T0Fy:-88;IKAo:-89} 
17.150000 ; 15.620000 ; NE ; {Ml1B:-62;56WR:-74;tBfJ:-81;z6SH:-69;T0Fy:-85;IKAo:-89} 
17.150000 ; 15.620000 ; E ; {Ml1B:-61;56WR:-73;z6SH:-65;IKAo:-81;T0Fy:-84} ;
17.150000 ; 15.620000 ; SE ; {Ml1B:-60;56WR:-73;tBfJ:-80;z6SH:-73;IKAo:-84;T0Fy:-90} 
20.330000 ; 13.600000 ; SW ; {Ml1B:-65;56WR:-62;tBfJ:-89;z6SH:-69;T0Fy:-82;IKAo:-84} 
20.330000 ; 13.600000 ; W ; {Ml1B:-76;56WR:-62;tBfJ:-91;z6SH:-77;T0Fy:-86} ;
20.330000 ; 13.600000 ; NW ; {Ml1B:-69;56WR:-59;z6SH:-78;T0Fy:-79;IKAo:-88} ;
20.330000 ; 13.600000 ; NE ; {Ml1B:-68;56WR:-63;tBfJ:-87;z6SH:-77;T0Fy:-80} ;
20.330000 ; 13.600000 ; E ; {Ml1B:-62;56WR:-63;tBfJ:-87;z6SH:-73;IKAo:-85;T0Fy:-88} 
20.330000 ; 13.600000 ; SE ; {Ml1B:-59;56WR:-65;tBfJ:-85;z6SH:-75;T0Fy:-79;IKAo:-82} 
20.330000 ; 13.600000 ; S ; {Ml1B:-77;56WR:-55;tBfJ:-86;z6SH:-77;T0Fy:-86;IKAo:-89} 
20.330000 ; 13.600000 ; N ; {Ml1B:-77;56WR:-54;tBfJ:-89;z6SH:-75;IKAo:-85;T0Fy:-85} 
20.300000 ; 10.500000 ; NW ; {Ml1B:-71;56WR:-74;tBfJ:-89;z6SH:-84;T0Fy:-82} ;
20.300000 ; 10.500000 ; W ; {Ml1B:-71;56WR:-66;tBfJ:-89;z6SH:-77;T0Fy:-83;IKAo:-91} 
20.300000 ; 10.500000 ; SW ; {Ml1B:-66;56WR:-74;z6SH:-77;T0Fy:-81;IKAo:-86} ;
20.300000 ; 10.500000 ; S ; {Ml1B:-65;56WR:-68;tBfJ:-89;z6SH:-75;T0Fy:-85;IKAo:-87} 
20.300000 ; 10.500000 ; SE ; {Ml1B:-57;56WR:-68;tBfJ:-85;z6SH:-71;T0Fy:-85;IKAo:-88} 
20.300000 ; 10.500000 ; E ; {Ml1B:-63;56WR:-62;tBfJ:-84;z6SH:-74;IKAo:-86;T0Fy:-86} 
20.300000 ; 10.500000 ; NE ; {Ml1B:-60;56WR:-75;tBfJ:-86;z6SH:-71;T0Fy:-75;IKAo:-87} 
20.300000 ; 10.500000 ; N ; {Ml1B:-66;56WR:-71;z6SH:-79;T0Fy:-83} ;;
21.400000 ; 7.380000 ; NW ; {Ml1B:-74;56WR:-82;z6SH:-79;T0Fy:-69;IKAo:-89} ;
21.400000 ; 7.380000 ; N ; {Ml1B:-71;56WR:-77;z6SH:-83;T0Fy:-80;IKAo:-87} ;
21.400000 ; 7.380000 ; W ; {Ml1B:-73;56WR:-72;tBfJ:-90;z6SH:-77;T0Fy:-76;IKAo:-85} 
21.400000 ; 7.380000 ; SW ; {Ml1B:-71;56WR:-72;tBfJ:-89;z6SH:-74;T0Fy:-71;IKAo:-88} 
21.400000 ; 7.380000 ; S ; {Ml1B:-75;56WR:-75;tBfJ:-87;z6SH:-73;T0Fy:-75;IKAo:-89} 
21.400000 ; 7.380000 ; SE ; {Ml1B:-76;56WR:-80;z6SH:-83;T0Fy:-68;IKAo:-89} ;
21.400000 ; 7.380000 ; E ; {Ml1B:-70;56WR:-79;tBfJ:-88;z6SH:-82;T0Fy:-70} ;
21.400000 ; 7.380000 ; NE ; {Ml1B:-75;56WR:-74;tBfJ:-87;z6SH:-80;T0Fy:-77;IKAo:-86} 
20.310000 ; 4.330000 ; NE ; {Ml1B:-68;56WR:-89;tBfJ:-88;z6SH:-72;T0Fy:-67;IKAo:-88} 
20.310000 ; 4.330000 ; E ; {Ml1B:-74;56WR:-84;tBfJ:-89;z6SH:-70;T0Fy:-65;IKAo:-86} 
20.310000 ; 4.330000 ; SE ; {Ml1B:-68;tBfJ:-89;z6SH:-70;T0Fy:-79;IKAo:-86} ;
20.310000 ; 4.330000 ; S ; {Ml1B:-68;56WR:-84;tBfJ:-80;z6SH:-67;T0Fy:-72;IKAo:-86} 
20.310000 ; 4.330000 ; SW ; {Ml1B:-70;56WR:-86;tBfJ:-89;z6SH:-68;T0Fy:-72;IKAo:-88} 
20.310000 ; 4.330000 ; W ; {Ml1B:-72;56WR:-83;tBfJ:-88;z6SH:-78;T0Fy:-69;IKAo:-90} 
20.310000 ; 4.330000 ; NW ; {Ml1B:-71;56WR:-81;tBfJ:-84;z6SH:-72;T0Fy:-78} ;
20.310000 ; 4.330000 ; N ; {Ml1B:-75;56WR:-82;tBfJ:-84;z6SH:-70;T0Fy:-65;IKAo:-82} 
19.260000 ; 2.270000 ; N ; {Ml1B:-74;56WR:-93;tBfJ:-88;z6SH:-72;T0Fy:-74;IKAo:-86} 
19.260000 ; 2.270000 ; NE ; {Ml1B:-76;56WR:-85;tBfJ:-83;z6SH:-73;T0Fy:-75} ;
19.260000 ; 2.270000 ; E ; {Ml1B:-70;56WR:-89;z6SH:-72;T0Fy:-68} ;;
19.260000 ; 2.270000 ; SE ; {Ml1B:-68;56WR:-82;tBfJ:-85;z6SH:-76;T0Fy:-65} ;
19.260000 ; 2.270000 ; S ; {Ml1B:-68;56WR:-90;z6SH:-72;T0Fy:-72;IKAo:-87} ;
19.260000 ; 2.270000 ; SW ; {Ml1B:-64;56WR:-87;tBfJ:-85;z6SH:-73;T0Fy:-74;IKAo:-88} 
19.260000 ; 2.270000 ; W ; {Ml1B:-74;56WR:-85;tBfJ:-89;z6SH:-70;T0Fy:-71;IKAo:-89} 
19.260000 ; 2.270000 ; NW ; {Ml1B:-71;56WR:-86;tBfJ:-90;z6SH:-76;T0Fy:-72;IKAo:-91} 
17.130000 ; 1.200000 ; NE ; {Ml1B:-75;56WR:-85;tBfJ:-84;z6SH:-77;T0Fy:-63;IKAo:-83} 
17.130000 ; 1.200000 ; N ; {Ml1B:-76;56WR:-84;tBfJ:-88;z6SH:-72;T0Fy:-64;IKAo:-89} 
17.130000 ; 1.200000 ; E ; {Ml1B:-71;56WR:-87;tBfJ:-90;z6SH:-71;T0Fy:-63;IKAo:-87} 
17.130000 ; 1.200000 ; SE ; {Ml1B:-74;56WR:-88;tBfJ:-89;z6SH:-71;T0Fy:-66;IKAo:-86} 
17.130000 ; 1.200000 ; S ; {Ml1B:-72;56WR:-84;tBfJ:-88;z6SH:-66;T0Fy:-66;IKAo:-83} 
17.130000 ; 1.200000 ; SW ; {Ml1B:-71;56WR:-86;tBfJ:-83;z6SH:-68;T0Fy:-74;IKAo:-90} 
17.130000 ; 1.200000 ; W ; {Ml1B:-70;56WR:-79;tBfJ:-90;z6SH:-71;T0Fy:-64;IKAo:-81} 
17.130000 ; 1.200000 ; NW ; {Ml1B:-70;56WR:-85;z6SH:-76;T0Fy:-66;IKAo:-84} ;
15.020000 ; 1.250000 ; NE ; {Ml1B:-77;56WR:-84;tBfJ:-85;z6SH:-73;T0Fy:-60;IKAo:-84} 
15.020000 ; 1.250000 ; N ; {Ml1B:-77;56WR:-91;tBfJ:-86;z6SH:-80;T0Fy:-64;IKAo:-78} 
15.020000 ; 1.250000 ; E ; {Ml1B:-73;56WR:-82;tBfJ:-89;z6SH:-68;T0Fy:-62;IKAo:-86} 
15.020000 ; 1.250000 ; SE ; {Ml1B:-78;56WR:-84;z6SH:-76;T0Fy:-57;IKAo:-79} ;
15.020000 ; 1.250000 ; S ; {Ml1B:-80;56WR:-87;z6SH:-68;T0Fy:-55;IKAo:-78} ;
15.020000 ; 1.250000 ; SW ; {Ml1B:-71;56WR:-88;tBfJ:-91;z6SH:-69;T0Fy:-59;IKAo:-87} 
15.020000 ; 1.250000 ; W ; {Ml1B:-74;56WR:-82;tBfJ:-89;z6SH:-69;T0Fy:-63;IKAo:-87} 
15.020000 ; 1.250000 ; NW ; {Ml1B:-77;56WR:-88;tBfJ:-88;z6SH:-82;T0Fy:-57;IKAo:-85} 
12.920000 ; 1.220000 ; NE ; {Ml1B:-74;56WR:-83;tBfJ:-83;z6SH:-69;T0Fy:-67;IKAo:-80} 
12.920000 ; 1.220000 ; N ; {Ml1B:-78;56WR:-82;tBfJ:-89;z6SH:-75;T0Fy:-73;IKAo:-77} 
12.920000 ; 1.220000 ; E ; {Ml1B:-77;56WR:-84;tBfJ:-90;z6SH:-71;T0Fy:-65;IKAo:-82} 
12.920000 ; 1.220000 ; SE ; {Ml1B:-71;56WR:-87;tBfJ:-84;z6SH:-69;T0Fy:-64;IKAo:-81} 
12.920000 ; 1.220000 ; S ; {Ml1B:-74;56WR:-87;tBfJ:-80;z6SH:-65;T0Fy:-69;IKAo:-76} 
12.920000 ; 1.220000 ; SW ; {Ml1B:-67;56WR:-83;tBfJ:-85;z6SH:-63;T0Fy:-64;IKAo:-80} 
12.920000 ; 1.220000 ; W ; {Ml1B:-74;56WR:-84;tBfJ:-87;z6SH:-64;T0Fy:-67;IKAo:-80} 
12.920000 ; 1.220000 ; NW ; {Ml1B:-73;56WR:-82;z6SH:-71;T0Fy:-59;IKAo:-77} ;
9.710000 ; 1.220000 ; NE ; {Ml1B:-73;56WR:-82;tBfJ:-84;z6SH:-68;IKAo:-75;T0Fy:-77} 
9.710000 ; 1.220000 ; N ; {Ml1B:-74;56WR:-89;tBfJ:-77;z6SH:-77;T0Fy:-71;IKAo:-75} 
9.710000 ; 1.220000 ; NW ; {Ml1B:-77;56WR:-81;tBfJ:-86;z6SH:-74;T0Fy:-73;IKAo:-77} 
9.710000 ; 1.220000 ; W ; {Ml1B:-70;56WR:-81;tBfJ:-88;z6SH:-65;T0Fy:-71;IKAo:-84} 
9.710000 ; 1.220000 ; SW ; {Ml1B:-74;56WR:-80;tBfJ:-84;z6SH:-73;T0Fy:-77;IKAo:-81} 
9.710000 ; 1.220000 ; S ; {Ml1B:-74;56WR:-87;tBfJ:-89;z6SH:-72;IKAo:-76;T0Fy:-76} 
9.710000 ; 1.220000 ; SE ; {Ml1B:-74;56WR:-83;tBfJ:-84;z6SH:-77;T0Fy:-69;IKAo:-75} 
9.710000 ; 1.220000 ; E ; {Ml1B:-68;56WR:-87;tBfJ:-85;z6SH:-74;T0Fy:-73;IKAo:-77} 
5.440000 ; 1.240000 ; NE ; {Ml1B:-69;56WR:-84;tBfJ:-84;z6SH:-67;IKAo:-66;T0Fy:-83} 
5.440000 ; 1.240000 ; N ; {Ml1B:-71;56WR:-87;tBfJ:-85;z6SH:-80;IKAo:-76;T0Fy:-78} 
5.440000 ; 1.240000 ; NW ; {Ml1B:-71;56WR:-82;tBfJ:-90;z6SH:-77;IKAo:-67;T0Fy:-75} 
5.440000 ; 1.240000 ; W ; {Ml1B:-71;tBfJ:-88;z6SH:-79;IKAo:-68;T0Fy:-79} ;
5.440000 ; 1.240000 ; SW ; {Ml1B:-73;56WR:-89;tBfJ:-84;z6SH:-67;IKAo:-74;T0Fy:-80} 
5.440000 ; 1.240000 ; S ; {Ml1B:-74;56WR:-88;tBfJ:-85;z6SH:-72;IKAo:-67;T0Fy:-77} 
5.440000 ; 1.240000 ; SE ; {Ml1B:-79;56WR:-90;tBfJ:-88;z6SH:-75;IKAo:-71;T0Fy:-74} 
5.440000 ; 1.240000 ; E ; {Ml1B:-74;56WR:-86;tBfJ:-84;z6SH:-79;IKAo:-70;T0Fy:-74} 
3.300000 ; 1.270000 ; NE ; {Ml1B:-79;56WR:-87;tBfJ:-82;z6SH:-75;IKAo:-62;T0Fy:-86} 
3.300000 ; 1.270000 ; N ; {Ml1B:-76;tBfJ:-82;z6SH:-77;IKAo:-71;T0Fy:-76} ;
3.300000 ; 1.270000 ; NW ; {Ml1B:-68;56WR:-81;tBfJ:-88;z6SH:-74;IKAo:-60;T0Fy:-74} 
3.300000 ; 1.270000 ; W ; {Ml1B:-68;56WR:-90;tBfJ:-81;z6SH:-79;IKAo:-69;T0Fy:-82} 
3.300000 ; 1.270000 ; SW ; {Ml1B:-72;56WR:-80;tBfJ:-81;z6SH:-77;IKAo:-71;T0Fy:-81} 
3.300000 ; 1.270000 ; S ; {Ml1B:-74;56WR:-86;tBfJ:-78;z6SH:-76;IKAo:-70;T0Fy:-77} 
3.300000 ; 1.270000 ; SE ; {Ml1B:-76;56WR:-90;tBfJ:-82;z6SH:-73;IKAo:-65;T0Fy:-80} 
3.300000 ; 1.270000 ; E ; {Ml1B:-77;56WR:-87;tBfJ:-78;z6SH:-78;IKAo:-61;T0Fy:-86} 
6.520000 ; 3.330000 ; SE ; {Ml1B:-72;56WR:-86;tBfJ:-83;z6SH:-71;IKAo:-65;T0Fy:-82} 
6.520000 ; 3.330000 ; E ; {Ml1B:-71;56WR:-83;tBfJ:-85;z6SH:-78;IKAo:-78;T0Fy:-86} 
6.520000 ; 3.330000 ; NE ; {Ml1B:-71;56WR:-86;tBfJ:-83;z6SH:-72;IKAo:-70;T0Fy:-88} 
6.520000 ; 3.330000 ; N ; {Ml1B:-76;56WR:-87;tBfJ:-80;z6SH:-79;IKAo:-74;T0Fy:-78} 
6.520000 ; 3.330000 ; NW ; {Ml1B:-74;56WR:-88;tBfJ:-86;z6SH:-75;IKAo:-69;T0Fy:-86} 
6.520000 ; 3.330000 ; W ; {Ml1B:-69;56WR:-85;tBfJ:-82;z6SH:-75;IKAo:-68;T0Fy:-84} 
6.520000 ; 3.330000 ; SW ; {Ml1B:-70;56WR:-88;tBfJ:-84;z6SH:-75;IKAo:-72;T0Fy:-85} 
6.520000 ; 3.330000 ; S ; {Ml1B:-68;56WR:-85;tBfJ:-84;z6SH:-75;IKAo:-74;T0Fy:-86} 
6.470000 ; 5.380000 ; SE ; {Ml1B:-76;56WR:-89;tBfJ:-83;z6SH:-74;T0Fy:-72;IKAo:-76} 
6.470000 ; 5.380000 ; E ; {Ml1B:-73;56WR:-86;tBfJ:-86;z6SH:-75;IKAo:-70;T0Fy:-85} 
6.470000 ; 5.380000 ; NE ; {Ml1B:-78;56WR:-85;tBfJ:-86;z6SH:-72;IKAo:-69;T0Fy:-85} 
6.470000 ; 5.380000 ; N ; {Ml1B:-74;tBfJ:-89;z6SH:-76;T0Fy:-71;IKAo:-77} ;
6.470000 ; 5.380000 ; NW ; {Ml1B:-67;56WR:-87;tBfJ:-88;z6SH:-69;IKAo:-75;T0Fy:-79} 
6.470000 ; 5.380000 ; W ; {Ml1B:-64;56WR:-86;tBfJ:-79;z6SH:-75;IKAo:-69;T0Fy:-80} 
6.470000 ; 5.380000 ; SW ; {Ml1B:-68;56WR:-87;tBfJ:-77;z6SH:-71;IKAo:-73;T0Fy:-81} 
6.470000 ; 5.380000 ; S ; {Ml1B:-67;56WR:-85;tBfJ:-81;z6SH:-70;T0Fy:-79;IKAo:-81} 
6.510000 ; 7.410000 ; SE ; {Ml1B:-69;56WR:-85;tBfJ:-78;z6SH:-74;IKAo:-79;T0Fy:-86} 
6.510000 ; 7.410000 ; E ; {Ml1B:-72;56WR:-86;tBfJ:-72;z6SH:-73;IKAo:-83;T0Fy:-91} 
6.510000 ; 7.410000 ; NE ; {Ml1B:-68;56WR:-86;tBfJ:-84;z6SH:-74;IKAo:-78;T0Fy:-86} 
6.510000 ; 7.410000 ; N ; {Ml1B:-60;56WR:-81;tBfJ:-71;z6SH:-73;IKAo:-78;T0Fy:-82} 
6.510000 ; 7.410000 ; NW ; {Ml1B:-62;56WR:-84;tBfJ:-78;z6SH:-71;IKAo:-76;T0Fy:-82} 
6.510000 ; 7.410000 ; W ; {Ml1B:-63;56WR:-81;tBfJ:-79;z6SH:-71;IKAo:-76;T0Fy:-82} 
6.510000 ; 7.410000 ; SW ; {Ml1B:-64;56WR:-88;tBfJ:-73;z6SH:-74;IKAo:-72;T0Fy:-89} 
6.510000 ; 7.410000 ; S ; {Ml1B:-63;56WR:-82;tBfJ:-80;z6SH:-73;IKAo:-80;T0Fy:-85} 
9.730000 ; 7.400000 ; SW ; {Ml1B:-53;56WR:-85;tBfJ:-78;z6SH:-69;IKAo:-74;T0Fy:-82} 
9.730000 ; 7.400000 ; W ; {Ml1B:-53;56WR:-77;tBfJ:-88;z6SH:-67;T0Fy:-79;IKAo:-81} 
9.730000 ; 7.400000 ; NW ; {Ml1B:-66;56WR:-73;tBfJ:-87;z6SH:-65;T0Fy:-80;IKAo:-82} 
9.730000 ; 7.400000 ; N ; {Ml1B:-51;56WR:-83;tBfJ:-83;z6SH:-70;T0Fy:-69;IKAo:-77} 
9.730000 ; 7.400000 ; NE ; {Ml1B:-57;56WR:-81;tBfJ:-83;z6SH:-69;T0Fy:-70;IKAo:-75} 
9.730000 ; 7.400000 ; E ; } ;;;;;
9.730000 ; 7.400000 ; SE ; {Ml1B:-52;56WR:-89;tBfJ:-82;z6SH:-76;IKAo:-77;T0Fy:-80} 
9.730000 ; 7.400000 ; S ; {Ml1B:-60;56WR:-88;tBfJ:-82;z6SH:-73;IKAo:-84;T0Fy:-84} 
9.690000 ; 10.510000 ; SE ; {Ml1B:-62;56WR:-80;tBfJ:-77;z6SH:-72;IKAo:-79;T0Fy:-85} 
9.690000 ; 10.510000 ; S ; {Ml1B:-67;56WR:-81;tBfJ:-79;z6SH:-70;T0Fy:-83;IKAo:-84} 
9.690000 ; 10.510000 ; SW ; {Ml1B:-63;tBfJ:-76;z6SH:-77;IKAo:-82;T0Fy:-82} ;
9.690000 ; 10.510000 ; W ; {Ml1B:-62;56WR:-81;tBfJ:-88;z6SH:-74;T0Fy:-82;IKAo:-84} 
9.690000 ; 10.510000 ; NW ; {Ml1B:-57;56WR:-77;tBfJ:-79;z6SH:-67;IKAo:-78;T0Fy:-83} 
9.690000 ; 10.510000 ; N ; {Ml1B:-55;56WR:-86;tBfJ:-78;z6SH:-66;IKAo:-79;T0Fy:-83} 
9.690000 ; 10.510000 ; NE ; {Ml1B:-62;56WR:-84;tBfJ:-76;z6SH:-78;T0Fy:-78;IKAo:-82} 
9.690000 ; 10.510000 ; E ; {Ml1B:-52;56WR:-83;tBfJ:-81;z6SH:-72;IKAo:-79;T0Fy:-86} 
12.870000 ; 10.540000 ; SE ; {Ml1B:-54;56WR:-79;tBfJ:-83;z6SH:-68;IKAo:-81;T0Fy:-86} 
12.870000 ; 10.540000 ; E ; {Ml1B:-55;56WR:-85;tBfJ:-79;z6SH:-64;T0Fy:-82;IKAo:-83} 
12.870000 ; 10.540000 ; NE ; {Ml1B:-59;56WR:-79;tBfJ:-80;z6SH:-67;T0Fy:-81;IKAo:-83} 
12.870000 ; 10.540000 ; N ; {Ml1B:-63;56WR:-79;tBfJ:-80;z6SH:-71;T0Fy:-82;IKAo:-89} 
12.870000 ; 10.540000 ; NW ; {Ml1B:-61;56WR:-70;tBfJ:-73;z6SH:-66;IKAo:-79;T0Fy:-84} 
12.870000 ; 10.540000 ; W ; {Ml1B:-60;56WR:-80;tBfJ:-88;z6SH:-64;IKAo:-81;T0Fy:-87} 
12.870000 ; 10.540000 ; SW ; {Ml1B:-62;56WR:-78;tBfJ:-78;z6SH:-54;IKAo:-79;T0Fy:-80} 
12.870000 ; 10.540000 ; S ; {Ml1B:-65;56WR:-80;tBfJ:-76;z6SH:-57;T0Fy:-76;IKAo:-85} 
16.070000 ; 8.460000 ; SW ; {Ml1B:-66;56WR:-76;tBfJ:-78;z6SH:-59;T0Fy:-82;IKAo:-87} 
16.070000 ; 8.460000 ; S ; {Ml1B:-66;56WR:-80;tBfJ:-80;z6SH:-63;T0Fy:-74} ;
16.070000 ; 8.460000 ; SE ; {Ml1B:-57;56WR:-80;tBfJ:-87;z6SH:-67;IKAo:-85;T0Fy:-86} 
16.070000 ; 8.460000 ; E ; {Ml1B:-61;56WR:-77;tBfJ:-77;z6SH:-61;T0Fy:-81;IKAo:-84} 
16.070000 ; 8.460000 ; NE ; {Ml1B:-60;56WR:-79;tBfJ:-81;z6SH:-61;IKAo:-81;T0Fy:-84} 
16.070000 ; 8.460000 ; N ; {Ml1B:-60;56WR:-77;tBfJ:-83;z6SH:-67;T0Fy:-80;IKAo:-84} 
16.070000 ; 8.460000 ; NW ; {Ml1B:-62;56WR:-74;tBfJ:-78;z6SH:-70;T0Fy:-81;IKAo:-85} 
16.070000 ; 8.460000 ; W ; {Ml1B:-63;56WR:-74;tBfJ:-79;z6SH:-64;T0Fy:-78;IKAo:-84} 
12.870000 ; 5.380000 ; NW ; {Ml1B:-61;56WR:-77;tBfJ:-81;z6SH:-62;T0Fy:-79;IKAo:-83} 
12.870000 ; 5.380000 ; W ; {Ml1B:-59;56WR:-81;tBfJ:-86;z6SH:-59;T0Fy:-77;IKAo:-81} 
12.870000 ; 5.380000 ; SW ; {Ml1B:-66;56WR:-79;tBfJ:-80;z6SH:-68;T0Fy:-77;IKAo:-85} 
12.870000 ; 5.380000 ; S ; {Ml1B:-64;56WR:-83;tBfJ:-81;z6SH:-64;T0Fy:-70} ;
12.870000 ; 5.380000 ; SE ; {Ml1B:-52;56WR:-80;tBfJ:-87;z6SH:-63;T0Fy:-78;IKAo:-82} 
12.870000 ; 5.380000 ; E ; {Ml1B:-56;56WR:-82;tBfJ:-83;z6SH:-66;IKAo:-79;T0Fy:-85} 
12.870000 ; 5.380000 ; NE ; {Ml1B:-57;56WR:-81;tBfJ:-79;z6SH:-61;T0Fy:-81;IKAo:-83} 
12.870000 ; 5.380000 ; N ; {Ml1B:-58;56WR:-89;tBfJ:-89;z6SH:-66;IKAo:-79;T0Fy:-83} 
7.520000 ; 1.210000 ; SE ; {Ml1B:-76;56WR:-84;tBfJ:-84;z6SH:-75;IKAo:-69;T0Fy:-80} 
7.520000 ; 1.210000 ; E ; {Ml1B:-80;56WR:-83;tBfJ:-85;z6SH:-71;IKAo:-76;T0Fy:-80} 
7.520000 ; 1.210000 ; NE ; {Ml1B:-74;56WR:-87;tBfJ:-80;z6SH:-76;IKAo:-82;T0Fy:-82} 
7.520000 ; 1.210000 ; N ; {Ml1B:-75;56WR:-86;tBfJ:-82;z6SH:-72;IKAo:-71;T0Fy:-71} 
7.520000 ; 1.210000 ; NW ; {Ml1B:-73;z6SH:-73;T0Fy:-69;IKAo:-73} ;;
7.520000 ; 1.210000 ; W ; {Ml1B:-75;56WR:-90;tBfJ:-84;z6SH:-68;IKAo:-71;T0Fy:-80} 
7.520000 ; 1.210000 ; SW ; {Ml1B:-70;56WR:-86;tBfJ:-86;z6SH:-74;IKAo:-80;T0Fy:-80} 
7.520000 ; 1.210000 ; S ; {Ml1B:-74;56WR:-85;tBfJ:-80;z6SH:-70;IKAo:-72;T0Fy:-82} 
2.320000 ; 9.430000 ; SE ; {Ml1B:-69;56WR:-86;tBfJ:-74;z6SH:-75;T0Fy:-80;IKAo:-81} 
2.320000 ; 9.430000 ; E ; {Ml1B:-75;56WR:-89;tBfJ:-80;z6SH:-74;IKAo:-74;T0Fy:-89} 
2.320000 ; 9.430000 ; NE ; {Ml1B:-72;56WR:-89;tBfJ:-75;z6SH:-79;IKAo:-78;T0Fy:-86} 
2.320000 ; 9.430000 ; N ; {Ml1B:-68;56WR:-91;tBfJ:-75;z6SH:-76;IKAo:-74;T0Fy:-89} 
2.320000 ; 9.430000 ; NW ; {Ml1B:-78;56WR:-88;tBfJ:-85;z6SH:-77;IKAo:-79;T0Fy:-80} 
2.320000 ; 9.430000 ; W ; {Ml1B:-71;56WR:-86;tBfJ:-69;z6SH:-77;IKAo:-69} ;
2.320000 ; 9.430000 ; SW ; {Ml1B:-72;56WR:-85;tBfJ:-76;z6SH:-79;IKAo:-79;T0Fy:-89} 
2.320000 ; 9.430000 ; S ; {Ml1B:-74;56WR:-79;tBfJ:-73;z6SH:-75;IKAo:-71} ;
17.110000 ; 2.720000 ; SW ; {Ml1B:-70;56WR:-81;tBfJ:-83;z6SH:-65;T0Fy:-72} ;
17.110000 ; 2.720000 ; W ; {Ml1B:-76;56WR:-78;tBfJ:-87;z6SH:-69;T0Fy:-65;IKAo:-84} 
17.110000 ; 2.720000 ; NW ; {Ml1B:-74;56WR:-84;tBfJ:-86;z6SH:-78;T0Fy:-64;IKAo:-86} 
17.110000 ; 2.720000 ; N ; {Ml1B:-76;56WR:-89;tBfJ:-86;z6SH:-67;T0Fy:-65;IKAo:-86} 
17.110000 ; 2.720000 ; NE ; {Ml1B:-76;56WR:-79;tBfJ:-88;z6SH:-67;T0Fy:-62} ;
17.110000 ; 2.720000 ; E ; {Ml1B:-69;56WR:-84;tBfJ:-90;z6SH:-68;T0Fy:-67;IKAo:-87} 
17.110000 ; 2.720000 ; SE ; {Ml1B:-65;56WR:-86;tBfJ:-84;z6SH:-67;T0Fy:-75;IKAo:-86} 
17.110000 ; 2.720000 ; S ; {Ml1B:-68;56WR:-91;z6SH:-65;T0Fy:-67;IKAo:-88} ;
22.220000 ; 4.340000 ; SE ; {Ml1B:-66;56WR:-82;z6SH:-76;T0Fy:-71;IKAo:-87} ;
22.220000 ; 4.340000 ; E ; {Ml1B:-64;56WR:-88;z6SH:-80;T0Fy:-74} ;;
22.220000 ; 4.340000 ; NE ; {Ml1B:-68;56WR:-82;tBfJ:-86;z6SH:-70;T0Fy:-75} ;
22.220000 ; 4.340000 ; N ; {Ml1B:-73;56WR:-80;tBfJ:-91;z6SH:-72;T0Fy:-71} ;
22.220000 ; 4.340000 ; NW ; {Ml1B:-72;56WR:-81;tBfJ:-84;z6SH:-72;T0Fy:-68;IKAo:-87} 
22.220000 ; 4.340000 ; W ; {Ml1B:-69;56WR:-75;tBfJ:-86;z6SH:-80;T0Fy:-71} ;
22.220000 ; 4.340000 ; SW ; {56WR:-73;Ml1B:-78;tBfJ:-88;z6SH:-73;T0Fy:-67;IKAo:-86} 
22.220000 ; 4.340000 ; S ; {Ml1B:-61;56WR:-82;tBfJ:-81;z6SH:-74;T0Fy:-82} ;
19.170000 ; 4.430000 ; SE ; {Ml1B:-66;56WR:-84;tBfJ:-85;z6SH:-66;T0Fy:-69} ;
19.170000 ; 4.430000 ; E ; {Ml1B:-68;56WR:-86;tBfJ:-89;z6SH:-69;T0Fy:-66} ;
19.170000 ; 4.430000 ; NE ; {Ml1B:-66;56WR:-88;tBfJ:-84;z6SH:-69;T0Fy:-65;IKAo:-91} 
19.170000 ; 4.430000 ; N ; {Ml1B:-69;56WR:-82;tBfJ:-87;z6SH:-70;T0Fy:-73;IKAo:-89} 
19.170000 ; 4.430000 ; NW ; {Ml1B:-74;56WR:-83;tBfJ:-84;z6SH:-78;T0Fy:-73;IKAo:-89} 
19.170000 ; 4.430000 ; W ; {Ml1B:-70;56WR:-82;z6SH:-72;T0Fy:-67} ;;
19.170000 ; 4.430000 ; SW ; {Ml1B:-74;56WR:-89;tBfJ:-89;z6SH:-65;T0Fy:-69;IKAo:-85} 
19.170000 ; 4.430000 ; S ; {Ml1B:-66;56WR:-86;tBfJ:-80;z6SH:-70;T0Fy:-71;IKAo:-86} 
21.430000 ; 8.490000 ; SE ; {Ml1B:-67;56WR:-72;tBfJ:-88;z6SH:-78;T0Fy:-82;IKAo:-88} 
21.430000 ; 8.490000 ; E ; {Ml1B:-68;56WR:-68;tBfJ:-88;z6SH:-75;T0Fy:-77;IKAo:-84} 
21.430000 ; 8.490000 ; NE ; {Ml1B:-67;56WR:-71;tBfJ:-85;z6SH:-74;T0Fy:-77;IKAo:-90} 
21.430000 ; 8.490000 ; N ; {Ml1B:-64;56WR:-69;tBfJ:-88;z6SH:-79;IKAo:-84;T0Fy:-85} 
21.430000 ; 8.490000 ; NW ; {Ml1B:-71;56WR:-77;tBfJ:-89;z6SH:-77;T0Fy:-76} ;
21.430000 ; 8.490000 ; W ; {Ml1B:-67;56WR:-78;z6SH:-80;T0Fy:-81;IKAo:-86} ;
21.430000 ; 8.490000 ; SW ; {Ml1B:-63;56WR:-73;z6SH:-77} ;;;
21.430000 ; 8.490000 ; S ; {Ml1B:-61;56WR:-67;tBfJ:-85;z6SH:-73;T0Fy:-77;IKAo:-85} 
21.190000 ; 12.330000 ; S ; {Ml1B:-66;56WR:-64;tBfJ:-85;z6SH:-74;T0Fy:-80} ;
21.190000 ; 12.330000 ; SW ; {Ml1B:-67;56WR:-58;tBfJ:-80;z6SH:-78;T0Fy:-81;IKAo:-90} 
21.190000 ; 12.330000 ; W ; {Ml1B:-67;56WR:-64;tBfJ:-89;z6SH:-77;T0Fy:-73;IKAo:-91} 
21.190000 ; 12.330000 ; NW ; {Ml1B:-67;56WR:-66;tBfJ:-91;z6SH:-81;T0Fy:-79;IKAo:-89} 
21.190000 ; 12.330000 ; N ; {Ml1B:-67;56WR:-61;z6SH:-82;T0Fy:-77} ;;
21.190000 ; 12.330000 ; NE ; {Ml1B:-64;56WR:-63;tBfJ:-87;z6SH:-81;T0Fy:-79;IKAo:-90} 
21.190000 ; 12.330000 ; E ; {Ml1B:-69;56WR:-62;tBfJ:-84;z6SH:-85;T0Fy:-80;IKAo:-89} 
21.190000 ; 12.330000 ; SE ; {Ml1B:-67;56WR:-57;tBfJ:-87;z6SH:-72;IKAo:-88} ;
21.590000 ; 15.150000 ; NE ; {Ml1B:-70;56WR:-65;tBfJ:-84;z6SH:-75;T0Fy:-83} ;
21.590000 ; 15.150000 ; N ; {Ml1B:-68;56WR:-59;tBfJ:-86;z6SH:-83;T0Fy:-78;IKAo:-90} 
21.590000 ; 15.150000 ; NW ; {Ml1B:-66;56WR:-61;T0Fy:-84} ;;;
21.590000 ; 15.150000 ; W ; {Ml1B:-73;56WR:-61;z6SH:-82;T0Fy:-85} ;;
21.590000 ; 15.150000 ; SW ; {Ml1B:-73;56WR:-65;tBfJ:-91;z6SH:-80;T0Fy:-80;IKAo:-89} 
21.590000 ; 15.150000 ; S ; {Ml1B:-73;56WR:-62;z6SH:-78;T0Fy:-82;IKAo:-90} ;
21.590000 ; 15.150000 ; SE ; {Ml1B:-68;56WR:-64;z6SH:-81;T0Fy:-78;IKAo:-89} ;
21.590000 ; 15.150000 ; E ; {Ml1B:-67;56WR:-65;tBfJ:-85;z6SH:-76;T0Fy:-82;IKAo:-89} 
19.060000 ; 14.710000 ; E ; {Ml1B:-64;56WR:-69;z6SH:-72;T0Fy:-82;IKAo:-86} ;
19.060000 ; 14.710000 ; SE ; {Ml1B:-65;56WR:-65;tBfJ:-84;z6SH:-79;T0Fy:-84;IKAo:-89} 
19.060000 ; 14.710000 ; S ; {Ml1B:-60;56WR:-62;tBfJ:-85;z6SH:-67;IKAo:-85;T0Fy:-85} 
19.060000 ; 14.710000 ; SW ; {Ml1B:-63;56WR:-61;tBfJ:-80;z6SH:-75} ;;
19.060000 ; 14.710000 ; W ; {Ml1B:-60;56WR:-59;tBfJ:-84;z6SH:-71;IKAo:-84} ;
19.060000 ; 14.710000 ; NW ; {Ml1B:-73;56WR:-60;tBfJ:-90;z6SH:-79;T0Fy:-90} ;
19.060000 ; 14.710000 ; N ; {Ml1B:-62;56WR:-64;z6SH:-76;T0Fy:-85} ;;
19.060000 ; 14.710000 ; NE ; {Ml1B:-61;56WR:-65;tBfJ:-85;z6SH:-77;T0Fy:-87;IKAo:-90} 
7.650000 ; 15.650000 ; NE ; {Ml1B:-62;56WR:-92;tBfJ:-73;z6SH:-78;T0Fy:-83;IKAo:-88} 
7.650000 ; 15.650000 ; E ; {Ml1B:-66;56WR:-84;tBfJ:-75;z6SH:-80;IKAo:-86;T0Fy:-86} 
7.650000 ; 15.650000 ; SE ; {Ml1B:-78;56WR:-83;tBfJ:-68;z6SH:-85;T0Fy:-84;IKAo:-89} 
7.650000 ; 15.650000 ; S ; {Ml1B:-64;56WR:-81;tBfJ:-74;z6SH:-82;IKAo:-86;T0Fy:-87} 
7.650000 ; 15.650000 ; SW ; {Ml1B:-66;56WR:-83;tBfJ:-69;z6SH:-77;IKAo:-80;T0Fy:-83} 
7.650000 ; 15.650000 ; W ; {Ml1B:-69;56WR:-75;tBfJ:-70;z6SH:-71;T0Fy:-89} ;
7.650000 ; 15.650000 ;  ; {Ml1B:-70;56WR:-83;tBfJ:-74;z6SH:-84;T0Fy:-85;IKAo:-89} 
7.650000 ; 15.650000 ; N ; {Ml1B:-68;56WR:-79;tBfJ:-79;z6SH:-78;T0Fy:-86;IKAo:-89} 
7.650000 ; 15.650000 ; NW ; {Ml1B:-68;56WR:-78;tBfJ:-74;z6SH:-86;IKAo:-85;T0Fy:-88} 
0.860000 ; 16.060000 ; W ; {Ml1B:-82;56WR:-85;tBfJ:-59;z6SH:-85;IKAo:-83} ;
0.860000 ; 16.060000 ; SW ; {Ml1B:-77;56WR:-81;tBfJ:-60;z6SH:-85;IKAo:-79} ;
0.860000 ; 16.060000 ; N ; {Ml1B:-76;56WR:-81;tBfJ:-66;z6SH:-81;IKAo:-84;T0Fy:-88} 
0.860000 ; 16.060000 ; NW ; {Ml1B:-77;56WR:-82;tBfJ:-69;z6SH:-88;IKAo:-77;T0Fy:-88} 
0.860000 ; 16.060000 ; NE ; {Ml1B:-83;56WR:-90;tBfJ:-68;IKAo:-82} ;;
0.860000 ; 16.060000 ; E ; {Ml1B:-78;56WR:-80;tBfJ:-68;z6SH:-91;IKAo:-78} ;
0.860000 ; 16.060000 ; SE ; {Ml1B:-78;56WR:-88;tBfJ:-62;z6SH:-83} ;;
0.860000 ; 16.060000 ; S ; {56WR:-84;Ml1B:-87;tBfJ:-64;z6SH:-88;IKAo:-83;T0Fy:-91} 
